Item,Value,comment1,GPIO_pin
PIN_FUNC_SDIO,0,,
,,,
PIN_FUNC_NAND,1,,
,,,
PIN_FUNC_ETH,2,,
,,,
PIN_FUNC_I2C,3,,
,,,
PIN_FUNC_PWM,4,,
,,,
PIN_FUNC_PWMII,5,,
,,,
PIN_FUNC_PWMIII,6,,
,,,
PIN_FUNC_CCNT,7,,
,,,
PIN_FUNC_SENSOR,8,,
,,,
PIN_FUNC_SENSOR2,9,,
,,,
PIN_FUNC_SENSOR3,10,,
,,,
PIN_FUNC_SENSORMISC,11,,
,,,
PIN_FUNC_SENSORSYNC,12,,
,,,
PIN_FUNC_AUDIO,13,,
,,,
PIN_FUNC_UART,14,,
,,,
PIN_FUNC_UARTII,15,,
,,,
PIN_FUNC_CSI,16,,
,,,
PIN_FUNC_REMOTE,17,,
,,,
PIN_FUNC_SDP,18,,
,,,
PIN_FUNC_SPI,19,,
,,,
PIN_FUNC_SIF,20,,
,,,
PIN_FUNC_MISC,21,,
,,,
PIN_FUNC_LCD,22,,
,,,
PIN_FUNC_TV,23,,
,,,
PIN_FUNC_SEL_LCD,24,,
,,,
PIN_FUNC_MAX,25,,
,,,
PIN_SDIO_CFG_NONE,0,,
PIN_SDIO_CFG_SDIO_1,1,SDIO  (MC[12..17]),MC12[]|MC13[]|MC14[]|MC15[]|MC16[]|MC17[]
PIN_SDIO_CFG_SDIO2_1,16,SDIO2 (MC18..23]),MC18[]|MC19[]|MC20[]|MC21[]|MC22[]|MC23[]
PIN_SDIO_CFG_SDIO3_1,256,SDIO3 (MC[0..3] MC[8..9]),MC0[]|MC1[]|MC2[]|MC3[]|MC8[]|MC9[]
PIN_SDIO_CFG_SDIO3_BUS_WIDTH,512,SDIO3 bus width 8 bits (MC[4..7]),MC4[]|MC5[]|MC6[]|MC7[]
PIN_SDIO_CFG_SDIO3_DS,1024,SDIO3 data strobe      (MC[10]),MC10[]
,,,
PIN_NAND_CFG_NONE,0,,
PIN_NAND_CFG_NAND_1,1,FSPI     (MC[0..3] MC[8] MC[11]),MC0[]|MC1[]|MC2[]|MC3[]|MC8[]|MC11[]
PIN_NAND_CFG_NAND_2,2,FSPI     (MC[0..8] MC[10] MC[11]),MC0[]|MC1[]|MC2[]|MC3[]|MC4[]|MC5[]|MC6[]|MC7[]|MC8[]|MC10[]|MC11[]
PIN_NAND_CFG_NAND_CS1,4,FSPI CS1 (MC[9]),MC9[]
,,,
PIN_ETH_CFG_NONE,0,,
PIN_ETH_CFG_ETH_RMII_1,1,ETH_RMII_1         (L_GPIO[0..6]),L_GPIO0[]|L_GPIO1[]|L_GPIO2[]|L_GPIO3[]|L_GPIO4[]|L_GPIO5[]|L_GPIO6[]
PIN_ETH_CFG_ETH_RMII_2,2,ETH_RMII_2         (L_GPIO[11..13] L_GPIO[17..20]),L_GPIO11[]|L_GPIO12[]|L_GPIO13[]|L_GPIO17[]|L_GPIO18[]|L_GPIO19[]|L_GPIO20[]
PIN_ETH_CFG_ETH_RGMII,16,ETH_RGMII_1        (L_GPIO[11..22]),L_GPIO11[]|L_GPIO12[]|L_GPIO13[]|L_GPIO14[]|L_GPIO15[]|L_GPIO16[]|L_GPIO17[]|L_GPIO18[]|L_GPIO19[]|L_GPIO20[]|L_GPIO21[]|L_GPIO22[]
PIN_ETH_CFG_ETH_EXTPHYCLK,256,"ETH_EXTPHYCLK	    RMII_1(L_GPIO[9]) RMII_2||RMGII(D_GPIO[0])",L_GPIO9[]|D_GPIO0[]
PIN_ETH_CFG_ETH_PTP,512,ETH_PTP            (P_GPIO[21]),P_GPIO21[]
PIN_ETH_CFG_ETH_PTP_2,1024,ETH_PTP_2            (P_GPIO[12]),P_GPIO12[]
PIN_ETH_CFG_ETH_MDIO_1,4096,ETH_MDIO_1         (L_GPIO[7..8]),L_GPIO7[]|L_GPIO8[]
PIN_ETH_CFG_ETH_MDIO_2,8192,ETH_MDIO_2         (L_GPIO[23..24]),L_GPIO23[]|L_GPIO24[]
PIN_ETH_CFG_ETH_LED_1,65536,ETH_PTP            (D_GPIO[0..1]),D_GPIO0[]|D_GPIO1[]
PIN_ETH_CFG_ETH_LED_2,131072,ETH_PTP          JTAG_TDI /JTAG_TDO   (D_GPIO[5..6]),D_GPIO5[]|D_GPIO6[]
,,,
PIN_I2C_CFG_NONE,0,,
PIN_I2C_CFG_I2C_1,1,I2C_1      (S_GPIO[4..5]),S_GPIO4[]|S_GPIO5[]
PIN_I2C_CFG_I2C2_1,16,I2C2_1     (S_GPIO[10..11]),S_GPIO10[]|S_GPIO11[]
PIN_I2C_CFG_I2C2_2,32,I2C2_2     (MC[17..18]),MC17[]|MC18[]
PIN_I2C_CFG_I2C3_1,256,I2C3_1     (P_GPIO[21..22]),P_GPIO21[]|P_GPIO22[]
PIN_I2C_CFG_I2C3_2,512,I2C3_2     (C_GPIO[12..13]),C_GPIO12[]|C_GPIO13[]
PIN_I2C_CFG_I2C3_3,1024,I2C3_3     (S_GPIO[12..13]),S_GPIO12[]|S_GPIO13[]
PIN_I2C_CFG_I2C4_1,4096,I2C4_1     (P_GPIO[11..12]),P_GPIO11[]|P_GPIO12[]
PIN_I2C_CFG_I2C4_2,8192,I2C4_2     (C_GPIO[6..7]),C_GPIO6[]|C_GPIO7[]
PIN_I2C_CFG_I2C4_3,16384,I2C4_3     (S_GPIO[14..15]),S_GPIO14[]|S_GPIO15[]
PIN_I2C_CFG_I2C5_1,65536,I2C5_1     (P_GPIO[2..3]),P_GPIO2[]|P_GPIO3[]
,,,
PIN_PWM_CFG_NONE,0,,
PIN_PWM_CFG_PWM0_1,1,PWM0_1  (P_GPIO[0]),P_GPIO0[]
PIN_PWM_CFG_PWM0_2,2,PWM0_2  (C_GPIO[14]),C_GPIO14[]
PIN_PWM_CFG_PWM0_3,4,PWM0_3  (S_GPIO[1]),S_GPIO1[]
PIN_PWM_CFG_PWM0_4,8,PWM0_4  (C_GPIO[4]),C_GPIO4[]
PIN_PWM_CFG_PWM0_5,16,PWM0_5  (L_GPIO[0]),L_GPIO0[]
PIN_PWM_CFG_PWM1_1,256,PWM1_1  (P_GPIO[1]),P_GPIO1[]
PIN_PWM_CFG_PWM1_2,512,PWM1_2  (C_GPIO[15]),C_GPIO15[]
PIN_PWM_CFG_PWM1_3,1024,PWM1_3  (S_GPIO[2]),S_GPIO2[]
PIN_PWM_CFG_PWM1_4,2048,PWM1_4  (C_GPIO[5]),C_GPIO5[]
PIN_PWM_CFG_PWM1_5,4096,PWM1_5  (L_GPIO[1]),L_GPIO1[]
PIN_PWM_CFG_PWM2_1,65536,PWM2_1  (P_GPIO[2]),P_GPIO2[]
PIN_PWM_CFG_PWM2_2,131072,PWM2_2  (C_GPIO[16]),C_GPIO16[]
PIN_PWM_CFG_PWM2_3,262144,PWM2_3  (S_GPIO[3]),S_GPIO3[]
PIN_PWM_CFG_PWM2_4,524288,PWM2_4  (C_GPIO[6]),C_GPIO6[]
PIN_PWM_CFG_PWM2_5,1048576,PWM2_5  (L_GPIO[2]),L_GPIO2[]
PIN_PWM_CFG_PWM3_1,16777216,PWM3_1  (P_GPIO[3]),P_GPIO3[]
PIN_PWM_CFG_PWM3_2,33554432,PWM3_2  (C_GPIO[17]),C_GPIO17[]
PIN_PWM_CFG_PWM3_3,67108864,PWM3_3  (S_GPIO[4]),S_GPIO4[]
PIN_PWM_CFG_PWM3_4,134217728,PWM3_4  (C_GPIO[7]),C_GPIO7[]
PIN_PWM_CFG_PWM3_5,268435456,PWM3_5  (L_GPIO[3]),L_GPIO3[]
,,,
PIN_PWMII_CFG_NONE,0,,
PIN_PWMII_CFG_PWM4_1,1,PWM4_1  (P_GPIO[4]),P_GPIO4[]
PIN_PWMII_CFG_PWM4_2,2,PWM4_2  (C_GPIO[12]),C_GPIO12[]
PIN_PWMII_CFG_PWM4_3,4,PWM4_3  (S_GPIO[5]),S_GPIO5[]
PIN_PWMII_CFG_PWM4_4,8,PWM4_4  (D_GPIO[3]),D_GPIO3[]
PIN_PWMII_CFG_PWM4_5,16,PWM4_5  (L_GPIO[4]),L_GPIO4[]
PIN_PWMII_CFG_PWM5_1,256,PWM5_1  (P_GPIO[5]),P_GPIO5[]
PIN_PWMII_CFG_PWM5_2,512,PWM5_2  (C_GPIO[13]),C_GPIO13[]
PIN_PWMII_CFG_PWM5_3,1024,PWM5_3  (S_GPIO[6]),S_GPIO6[]
PIN_PWMII_CFG_PWM5_4,2048,PWM5_4  (D_GPIO[4]),D_GPIO4[]
PIN_PWMII_CFG_PWM5_5,4096,PWM5_5  (L_GPIO[5]),L_GPIO5[]
PIN_PWMII_CFG_PWM6_1,65536,PWM6_1  (P_GPIO[6]),P_GPIO6[]
PIN_PWMII_CFG_PWM6_2,131072,PWM6_2  (C_GPIO[18]),C_GPIO18[]
PIN_PWMII_CFG_PWM6_3,262144,PWM6_3  (S_GPIO[7]),S_GPIO7[]
PIN_PWMII_CFG_PWM6_4,524288,PWM6_4  (D_GPIO[5]),D_GPIO5[]
PIN_PWMII_CFG_PWM6_5,1048576,PWM6_5  (L_GPIO[6]),L_GPIO6[]
PIN_PWMII_CFG_PWM7_1,16777216,PWM7_1  (P_GPIO[7]),P_GPIO7[]
PIN_PWMII_CFG_PWM7_2,33554432,PWM7_2  (C_GPIO[19]),C_GPIO19[]
PIN_PWMII_CFG_PWM7_3,67108864,PWM7_3  (S_GPIO[8]),S_GPIO8[]
PIN_PWMII_CFG_PWM7_4,134217728,PWM7_4  (D_GPIO[6]),D_GPIO6[]
PIN_PWMII_CFG_PWM7_5,268435456,PWM7_5  (L_GPIO[7]),L_GPIO7[]
,,,
PIN_PWMIII_CFG_NONE,0,,
PIN_PWMIII_CFG_PWM8_1,1,PWM8_1  (P_GPIO[8]),P_GPIO8[]
PIN_PWMIII_CFG_PWM8_2,2,PWM8_2  (C_GPIO[20]),C_GPIO20[]
PIN_PWMIII_CFG_PWM8_4,8,PWM8_4  (D_GPIO[8]),D_GPIO8[]
PIN_PWMIII_CFG_PWM8_5,16,PWM8_5  (L_GPIO[8]),L_GPIO8[]
PIN_PWMIII_CFG_PWM9_1,256,PWM9_1  (P_GPIO[9]),P_GPIO9[]
PIN_PWMIII_CFG_PWM9_2,512,PWM9_2  (C_GPIO[21]),C_GPIO21[]
PIN_PWMIII_CFG_PWM9_4,2048,PWM9_4  (D_GPIO[9]),D_GPIO9[]
PIN_PWMIII_CFG_PWM9_5,4096,PWM9_5  (L_GPIO[9]),L_GPIO9[]
PIN_PWMIII_CFG_PWM10_1,65536,PWM10_1  (P_GPIO[10]),P_GPIO10[]
PIN_PWMIII_CFG_PWM10_2,131072,PWM10_2  (C_GPIO[22]),C_GPIO22[]
PIN_PWMIII_CFG_PWM10_4,524288,PWM10_4  (D_GPIO[10]),D_GPIO10[]
PIN_PWMIII_CFG_PWM10_5,1048576,PWM10_5  (L_GPIO[10]),L_GPIO10[]
PIN_PWMIII_CFG_PWM11_1,16777216,PWM10_1  (P_GPIO[11]),P_GPIO11[]
PIN_PWMIII_CFG_PWM11_2,33554432,PWM10_2  (C_GPIO[23]),C_GPIO23[]
PIN_PWMIII_CFG_PWM11_4,134217728,PWM10_4  (D_GPIO[7]),D_GPIO7[]
PIN_PWMIII_CFG_PWM11_5,268435456,PWM10_5  (L_GPIO[11]),L_GPIO11[]
,,,
PIN_CCNT_CFG_NONE,0,,
PIN_CCNT_CFG_CCNT_1,1,PICNT_1  (P_GPIO[12]),P_GPIO12[]
PIN_CCNT_CFG_CCNT_2,2,PICNT_1  (P_GPIO[18]),P_GPIO18[]
PIN_CCNT_CFG_CCNT2_1,16,PICNT2_1 (P_GPIO[14]),P_GPIO14[]
PIN_CCNT_CFG_CCNT2_2,32,PICNT2_1 (P_GPIO[19]),P_GPIO19[]
PIN_CCNT_CFG_CCNT3_1,256,PICNT3_1 (P_GPIO[17]),P_GPIO17[]
PIN_CCNT_CFG_CCNT3_2,512,PICNT3_1 (P_GPIO[20]),P_GPIO20[]
,,,
PIN_SENSOR_CFG_NONE,0,,
PIN_SENSOR2_CFG_NONE,0,,
PIN_SENSOR2_CFG_CCIR8BITS_A,65536,A_1_YC0~7 are HSI_GPIO16~23 A_1_PXCLK is S_GPIO7 (HSI_GPIO[16..23]/S_GPIO[7]),S_GPIO7[]|HSI_GPIO16[]|HSI_GPIO17[]|HSI_GPIO18[]|HSI_GPIO19[]|HSI_GPIO20[]|HSI_GPIO21[]|HSI_GPIO22[]|HSI_GPIO23[]
PIN_SENSOR2_CFG_CCIR_VSHS,1048576,SN VD / HD (S_GPIO[8]/S_GPIO[9]),S_GPIO8[]|S_GPIO9[]
PIN_SENSOR3_CFG_NONE,0,,
PIN_SENSOR3_CFG_CCIR_VSHS,1048576,SN VD / HD (D_GPIO[11]/D_GPIO[12]),D_GPIO11[]|D_GPIO12[]
,,,
PIN_SENSORMISC_CFG_NONE,0,,
PIN_SENSORMISC_CFG_SN_MCLK_1,1,SN1_MCLK_1 (S_GPIO[0]),S_GPIO0[]
PIN_SENSORMISC_CFG_SN2_MCLK_1,16,SN2_MCLK_1 (S_GPIO[1]),S_GPIO1[]
PIN_SENSORMISC_CFG_SN2_MCLK_2,32,SN2_MCLK_2 (P_GPIO[18]),P_GPIO18[]
PIN_SENSORMISC_CFG_SN3_MCLK_1,256,SN3_MCLK_1 (S_GPIO[6]),S_GPIO6[]
PIN_SENSORMISC_CFG_SN4_MCLK_1,4096,SN4_MCLK_1 (S_GPIO[7]),S_GPIO7[]
PIN_SENSORMISC_CFG_SN4_MCLK_2,8192,SN4_MCLK_2 (P_GPIO[19]),P_GPIO19[]
PIN_SENSORMISC_CFG_SN_XVSXHS_1,65536,SN1_XVSXHS_1 (S_GPIO[2..3]),S_GPIO2[]|S_GPIO3[]
PIN_SENSORMISC_CFG_SN2_XVSXHS_1,131072,SN2_XVSXHS_1 (S_GPIO[8..9]),S_GPIO8[]|S_GPIO9[]
PIN_SENSORMISC_CFG_SN3_XVSXHS_1,262144,SN3_XVSXHS_1 (P_GPIO[19..20]),P_GPIO19[]|P_GPIO20[]
PIN_SENSORMISC_CFG_SN4_XVSXHS_1,524288,SN4_XVSXHS_1 (P_GPIO[21..22]),P_GPIO21[]|P_GPIO22[]
PIN_SENSORMISC_CFG_FLASH_TRIG_IN_1,1048576,FLASH_TRIG_IN_1 (S_GPIO[14]),S_GPIO14[]
PIN_SENSORMISC_CFG_FLASH_TRIG_IN_2,2097152,FLASH_TRIG_IN_2 (S_GPIO[6]),S_GPIO6[]
PIN_SENSORMISC_CFG_FLASH_TRIG_OUT_1,4194304,FLASH_TRIG_OUT_1 (S_GPIO[15]),S_GPIO15[]
PIN_SENSORMISC_CFG_FLASH_TRIG_OUT_2,8388608,FLASH_TRIG_OUT_2 (S_GPIO[7]),S_GPIO7[]
PIN_SENSORMISC_CFG_ME_SHUT_IN_1,16777216,MSH_1 (S_GPIO[13]),S_GPIO13[]
PIN_SENSORMISC_CFG_ME_SHUT_IN_2,33554432,MSH_2 (S_GPIO[8]),S_GPIO8[]
PIN_SENSORMISC_CFG_ME_SHUT_OUT_1,67108864,MSH_1_SHUT0 / MSH_1_SHUT1 (P_GPIO[0..1]),P_GPIO0[]|P_GPIO1[]
PIN_SENSORMISC_CFG_ME_SHUT_OUT_2,134217728,MSH_2_SHUT0 / MSH_2_SHUT1 (D_GPIO[8..9]),D_GPIO8[]|D_GPIO9[]
,,,
PIN_SENSORSYNC_CFG_NONE,0,,
PIN_SENSORSYNC_CFG_SN_MCLKSRC_SN,1,,
PIN_SENSORSYNC_CFG_SN_MCLKSRC_SN2,2,,
PIN_SENSORSYNC_CFG_SN_MCLKSRC_SN3,4,,
PIN_SENSORSYNC_CFG_SN_MCLKSRC_SN4,8,,
PIN_SENSORSYNC_CFG_SN2_MCLKSRC_SN,16,,
PIN_SENSORSYNC_CFG_SN2_MCLKSRC_SN2,32,,
PIN_SENSORSYNC_CFG_SN2_MCLKSRC_SN3,64,,
PIN_SENSORSYNC_CFG_SN2_MCLKSRC_SN4,128,,
PIN_SENSORSYNC_CFG_SN3_MCLKSRC_SN,256,,
PIN_SENSORSYNC_CFG_SN3_MCLKSRC_SN2,512,,
PIN_SENSORSYNC_CFG_SN3_MCLKSRC_SN3,1024,,
PIN_SENSORSYNC_CFG_SN3_MCLKSRC_SN4,2048,,
PIN_SENSORSYNC_CFG_SN4_MCLKSRC_SN,4096,,
PIN_SENSORSYNC_CFG_SN4_MCLKSRC_SN2,8192,,
PIN_SENSORSYNC_CFG_SN4_MCLKSRC_SN3,16384,,
PIN_SENSORSYNC_CFG_SN4_MCLKSRC_SN4,32768,,
PIN_SENSORSYNC_CFG_SN_XVSXHSSRC_SN,65536,,
PIN_SENSORSYNC_CFG_SN_XVSXHSSRC_SN2,131072,,
PIN_SENSORSYNC_CFG_SN_XVSXHSSRC_SN3,262144,,
PIN_SENSORSYNC_CFG_SN_XVSXHSSRC_SN4,524288,,
PIN_SENSORSYNC_CFG_SN2_XVSXHSSRC_SN,1048576,,
PIN_SENSORSYNC_CFG_SN2_XVSXHSSRC_SN2,2097152,,
PIN_SENSORSYNC_CFG_SN2_XVSXHSSRC_SN3,4194304,,
PIN_SENSORSYNC_CFG_SN2_XVSXHSSRC_SN4,8388608,,
PIN_SENSORSYNC_CFG_SN3_XVSXHSSRC_SN,16777216,,
PIN_SENSORSYNC_CFG_SN3_XVSXHSSRC_SN2,33554432,,
PIN_SENSORSYNC_CFG_SN3_XVSXHSSRC_SN3,67108864,,
PIN_SENSORSYNC_CFG_SN3_XVSXHSSRC_SN4,134217728,,
PIN_SENSORSYNC_CFG_SN4_XVSXHSSRC_SN,268435456,,
PIN_SENSORSYNC_CFG_SN4_XVSXHSSRC_SN2,536870912,,
PIN_SENSORSYNC_CFG_SN4_XVSXHSSRC_SN3,1073741824,,
PIN_SENSORSYNC_CFG_SN4_XVSXHSSRC_SN4,2147483648,,
,,,
PIN_AUDIO_CFG_NONE,0,,
PIN_AUDIO_CFG_I2S_1,1,I2S_1       (PGPIO[17..20]),PGPIO17[]|PGPIO18[]|PGPIO19[]|PGPIO20[]
PIN_AUDIO_CFG_I2S_2,2,I2S_2       (CGPIO[4..7]),CGPIO4[]|CGPIO5[]|CGPIO6[]|CGPIO7[]
PIN_AUDIO_CFG_I2S_MCLK_1,4,I2S_MCLK_1  (PGPIO[22]),PGPIO22[]
PIN_AUDIO_CFG_I2S_MCLK_2,8,I2S_MCLK_2  (DGPIO[7]),DGPIO7[]
PIN_AUDIO_CFG_DMIC_1,16,(PGPIO[7..9]),PGPIO7[]|PGPIO8[]|PGPIO9[]
PIN_AUDIO_CFG_DMIC_2,32,(DGPIO[8..10]),DGPIO8[]|DGPIO9[]|DGPIO10[]
PIN_AUDIO_CFG_DMIC_3,64,(CGPIO[12..14]),CGPIO12[]|CGPIO13[]|CGPIO14[]
PIN_AUDIO_CFG_DMIC_DATA0,256,,
PIN_AUDIO_CFG_DMIC_DATA1,512,,
PIN_AUDIO_CFG_EXT_EAC_MCLK,4096,EXT_EAC_MCLK (PGPIO[21]),PGPIO21[]
,,,
PIN_UART_CFG_NONE,0,,
PIN_UART_CFG_UART_1,1,UART_1  (P_GPIO[23..24]),P_GPIO23[]|P_GPIO24[]
PIN_UART_CFG_UART2_1,16,UART2_1 (P_GPIO[17..20]),P_GPIO17[]|P_GPIO18[]|P_GPIO19[]|P_GPIO20[]
PIN_UART_CFG_UART2_2,32,UART2_2 (C_GPIO[14..17]),C_GPIO14[]|C_GPIO15[]|C_GPIO16[]|C_GPIO17[]
PIN_UART_CFG_UART3_1,256,UART3_1 (P_GPIO[13..16]),P_GPIO13[]|P_GPIO14[]|P_GPIO15[]|P_GPIO16[]
PIN_UART_CFG_UART3_2,512,UART3_2 (C_GPIO[20..23]),C_GPIO20[]|C_GPIO21[]|C_GPIO22[]|C_GPIO23[]
PIN_UART_CFG_UART3_4,1024,UART3_4 (S_GPIO[4]/S_GPIO[6]),S_GPIO4[]|S_GPIO6[]
PIN_UART_CFG_UART3_5,2048,UART3_5 (C_GPIO[2..3]),C_GPIO2[]|C_GPIO3[]
PIN_UART_CFG_UART4_1,4096,UART4_1 (P_GPIO[0..3]),P_GPIO0[]|P_GPIO1[]|P_GPIO2[]|P_GPIO3[]
PIN_UART_CFG_UART4_2,8192,UART4_2 (C_GPIO[4..7]),C_GPIO4[]|C_GPIO5[]|C_GPIO6[]|C_GPIO7[]
PIN_UART_CFG_UART5_1,65536,UART5_1 (P_GPIO[4..7]),P_GPIO4[]|P_GPIO5[]|P_GPIO6[]|P_GPIO7[]
PIN_UART_CFG_UART2_RTSCTS,1048576,,
PIN_UART_CFG_UART2_DIROE,2097152,,
PIN_UART_CFG_UART3_RTSCTS,4194304,,
PIN_UART_CFG_UART3_DIROE,8388608,,
PIN_UART_CFG_UART4_RTSCTS,16777216,,
PIN_UART_CFG_UART4_DIROE,33554432,,
PIN_UART_CFG_UART5_RTSCTS,67108864,,
PIN_UART_CFG_UART5_DIROE,134217728,,
,,,
PIN_UARTII_CFG_NONE,0,,
PIN_UARTII_CFG_UART6_1,1,UART6_1 (P_GPIO[8..11]),P_GPIO8[]|P_GPIO9[]|P_GPIO10[]|P_GPIO11[]
PIN_UARTII_CFG_UART6_RTSCTS,65536,,
PIN_UARTII_CFG_UART6_DIROE,131072,,
,,,
PIN_CSI_CFG_NONE,0,,
PIN_CSI_CFG_CSI,1,(HSI_GPIO[0..5]),HSI_GPIO0[]|HSI_GPIO1[]|HSI_GPIO2[]|HSI_GPIO3[]|HSI_GPIO4[]|HSI_GPIO5[]
PIN_CSI_CFG_CSI2,16,(HSI_GPIO[6..11]),HSI_GPIO6[]|HSI_GPIO7[]|HSI_GPIO8[]|HSI_GPIO9[]|HSI_GPIO10[]|HSI_GPIO11[]
PIN_CSI_CFG_CSI3,256,(HSI_GPIO[12..17]),HSI_GPIO12[]|HSI_GPIO13[]|HSI_GPIO14[]|HSI_GPIO15[]|HSI_GPIO16[]|HSI_GPIO17[]
PIN_CSI_CFG_CSI4,4096,(HSI_GPIO[18..23]),HSI_GPIO18[]|HSI_GPIO19[]|HSI_GPIO20[]|HSI_GPIO21[]|HSI_GPIO22[]|HSI_GPIO23[]
,,,
PIN_REMOTE_CFG_NONE,0,,
PIN_REMOTE_CFG_REMOTE_1,1,(P_GPIO[17]),P_GPIO17[]
PIN_REMOTE_CFG_REMOTE_2,2,(C_GPIO[15]),C_GPIO15[]
PIN_REMOTE_CFG_REMOTE_3,4,(D_GPIO[2]),D_GPIO2[]
PIN_REMOTE_CFG_REMOTE_EXT_1,32,(P_GPIO[9]),P_GPIO9[]
,,,
PIN_SDP_CFG_NONE,0,,
PIN_SDP_CFG_SDP_1,1,SDP_1 (C_GPIO[12..16]),C_GPIO12[]|C_GPIO13[]|C_GPIO14[]|C_GPIO15[]|C_GPIO16[]
PIN_SDP_CFG_SDP_2,2,SDP_2 (P_GPIO[4..8]),P_GPIO4[]|P_GPIO5[]|P_GPIO6[]|P_GPIO7[]|P_GPIO8[]
,,,
PIN_SPI_CFG_NONE,0,,
PIN_SPI_CFG_SPI_1,1,SPI_1  (C_GPIO[18..20])  BUS_WIDTH (C_GPIO[21]),C_GPIO18[]|C_GPIO19[]|C_GPIO20[]|C_GPIO21[]
PIN_SPI_CFG_SPI_2,2,SPI1_2 (S_GPIO[9..11])  BUS_WIDTH (S_GPIO[12]),S_GPIO9[]|S_GPIO10[]|S_GPIO11[]|S_GPIO12[]
PIN_SPI_CFG_SPI_3,4,SPI1_3 (P_GPIO[8..10])    BUS_WIDTH (P_GPIO[11]),P_GPIO8[]|P_GPIO9[]|P_GPIO10[]|P_GPIO11[]
PIN_SPI_CFG_SPI_BUS_WIDTH,8,,
PIN_SPI_CFG_SPI2_1,16,SPI2_1 (P_GPIO[13..15])  BUS_WIDTH (P_GPIO[16]),P_GPIO13[]|P_GPIO14[]|P_GPIO15[]|P_GPIO16[]
PIN_SPI_CFG_SPI2_BUS_WIDTH,32,,
PIN_SPI_CFG_SPI3_1,256,SPI3_1 (P_GPIO[17..19])  BUS_WIDTH (P_GPIO[20]),P_GPIO17[]|P_GPIO18[]|P_GPIO19[]|P_GPIO20[]
PIN_SPI_CFG_SPI3_2,512,SPI3_2 (C_GPIO[12..14])  BUS_WIDTH (C_GPIO[15]),C_GPIO12[]|C_GPIO13[]|C_GPIO14[]|C_GPIO15[]
PIN_SPI_CFG_SPI3_BUS_WIDTH,1024,,
PIN_SPI_CFG_SPI4_1,4096,SPI4_1 (P_GPIO[0..3])  BUS_WIDTH (P_GPIO[4]),P_GPIO0[]|P_GPIO1[]|P_GPIO2[]|P_GPIO3[]|P_GPIO4[]
PIN_SPI_CFG_SPI4_2,8192,SPI4_2 (C_GPIO[4..6])    BUS_WIDTH (C_GPIO[7]),C_GPIO4[]|C_GPIO5[]|C_GPIO6[]|C_GPIO7[]
PIN_SPI_CFG_SPI4_BUS_WIDTH,16384,,
PIN_SPI_CFG_SPI5_1,65536,SPI5_1 (P_GPIO[4..6])  BUS_WIDTH (P_GPIO[7]),P_GPIO4[]|P_GPIO5[]|P_GPIO6[]|P_GPIO7[]
PIN_SPI_CFG_SPI5_2,131072,SPI5_2 (D_GPIO[11..13]]) BUS_WIDTH (D_GPIO[14]),D_GPIO11[]|D_GPIO12[]|D_GPIO13[]|D_GPIO14[]
PIN_SPI_CFG_SPI5_BUS_WIDTH,262144,,
PIN_SPI_CFG_SPI3_RDY_1,1048576,SPI3RDY_1 (P_GPIO[12]),P_GPIO12[]
PIN_SPI_CFG_SPI3_RDY_2,2097152,SPI3RDY_2 (C_GPIO[16]),C_GPIO16[]
,,,
PIN_SIF_CFG_NONE,0,,
PIN_SIF_CFG_SIF0_1,1,SIF0_1 (S_GPIO[4..6]),S_GPIO4[]|S_GPIO5[]|S_GPIO6[]
PIN_SIF_CFG_SIF1_1,16,SIF1_1 (S_GPIO[9..11]),S_GPIO9[]|S_GPIO10[]|S_GPIO11[]
PIN_SIF_CFG_SIF2_1,256,SIF2_1 (L_GPIO[22..24]),L_GPIO22[]|L_GPIO23[]|L_GPIO24[]
PIN_SIF_CFG_SIF2_2,512,SIF2_2 (P_GPIO[18..20]),P_GPIO18[]|P_GPIO19[]|P_GPIO20[]
PIN_SIF_CFG_SIF2_3,1024,SIF3_3 (D_GPIO[8..10]),D_GPIO8[]|D_GPIO9[]|D_GPIO10[]
PIN_SIF_CFG_SIF3_1,4096,SIF3_1 (P_GPIO[13..15]),P_GPIO13[]|P_GPIO14[]|P_GPIO15[]
,,,
PIN_MISC_CFG_NONE,0,,
PIN_MISC_CFG_RTC_CLK_1,1,RTC_CLK_1     (P_GPIO[1]),P_GPIO1[]
PIN_MISC_CFG_SP_CLK_1,16,SP_CLK_1  (P_GPIO[17]),P_GPIO17[]
PIN_MISC_CFG_SP_CLK_2,32,SP_CLK_1  (L_GPIO[23]),L_GPIO23[]
PIN_MISC_CFG_SP_CLK_3,64,SP_CLK_1  (D_GPIO[3]),D_GPIO3[]
PIN_MISC_CFG_SP2_CLK_1,256,SP2_CLK_1 (P_GPIO[18]),P_GPIO18[]
PIN_MISC_CFG_SP2_CLK_2,512,SP2_CLK_1 (C_GPIO[9]),C_GPIO9[]
PIN_MISC_CFG_SP2_CLK_3,1024,SP2_CLK_1 (D_GPIO[4]),D_GPIO4[]
PIN_MISC_CFG_ADC,1048576,ADC (A_GPIO[0..2]),A_GPIO0[]|A_GPIO1[]|A_GPIO2[]
PIN_MISC_CFG_MIPI_SEL_DSI,16777216,,
PIN_MISC_CFG_MIPI_SEL_CSI_TX,33554432,,
PIN_MISC_CFG_CPU_ICE,268435456,"CPU_ICE	(D_GPIO[2..6])",D_GPIO2[]|D_GPIO3[]|D_GPIO4[]|D_GPIO5[]|D_GPIO6[]
,,,
PINMUX_DISPMUX_SEL_NONE,0,,
PINMUX_DISPMUX_SEL_MASK,268435456,,
,,,
PINMUX_LCD_SEL_GPIO,0,GPIO,
PINMUX_LCD_SEL_CCIR656,1,CCIR-656 8 bits. (L_GPIO[8]) CCIR_DATA_WIDTH 8bit (L_GPIO[0..7]),L_GPIO8[]|L_GPIO0[]|L_GPIO1[]|L_GPIO2[]|L_GPIO3[]|L_GPIO4[]|L_GPIO5[]|L_GPIO6[]|L_GPIO7[]
PINMUX_LCD_SEL_CCIR656_16BITS,2,CCIR-656 16 bits. (L_GPIO[8]) CCIR_DATA_WIDTH 16bit (L_GPIO[0..7]/L_GPIO[12..19]),L_GPIO8[]|L_GPIO0[]|L_GPIO1[]|L_GPIO2[]|L_GPIO3[]|L_GPIO4[]|L_GPIO5[]|L_GPIO6[]|L_GPIO7[]|L_GPIO12[]|L_GPIO13[]|L_GPIO14[]|L_GPIO15[]|L_GPIO16[]|L_GPIO17[]|L_GPIO18[]|L_GPIO19[]
PINMUX_LCD_SEL_CCIR601,3,CCIR-601 8 bits. (L_GPIO[8..10]) CCIR_DATA_WIDTH 8bit (L_GPIO[0..7]) CCIR_FIELD CCIR_DATA_WIDTH = 0(L_GPIO[14]) / CCIR_DATA_WIDTH = 1 (L_GPIO[20]),L_GPIO8[]|L_GPIO9[]|L_GPIO10[]|L_GPIO0[]|L_GPIO1[]|L_GPIO2[]|L_GPIO3[]|L_GPIO4[]|L_GPIO5[]|L_GPIO6[]|L_GPIO7[]|L_GPIO14[]|L_GPIO20[]
PINMUX_LCD_SEL_CCIR601_16BITS,4,CCIR-601 16 bits.(L_GPIO[8..10]) CCIR_DATA_WIDTH 16bit (L_GPIO[0..7]/L_GPIO[12..19]) CCIR_FIELD CCIR_DATA_WIDTH = 0(L_GPIO[14]) / CCIR_DATA_WIDTH = 1 (L_GPIO[20]),L_GPIO8[]|L_GPIO9[]|L_GPIO10[]|L_GPIO0[]|L_GPIO1[]|L_GPIO2[]|L_GPIO3[]|L_GPIO4[]|L_GPIO5[]|L_GPIO6[]|L_GPIO7[]|L_GPIO12[]|L_GPIO13[]|L_GPIO14[]|L_GPIO15[]|L_GPIO16[]|L_GPIO17[]|L_GPIO18[]|L_GPIO19[]|L_GPIO14[]|L_GPIO20[]
PINMUX_LCD_SEL_SERIAL_RGB_6BITS,5,Serial RGB 6 bits. (L_GPIO[2..10]),L_GPIO2[]|L_GPIO3[]|L_GPIO4[]|L_GPIO5[]|L_GPIO6[]|L_GPIO7[]|L_GPIO8[]|L_GPIO9[]|L_GPIO10[]
PINMUX_LCD_SEL_SERIAL_RGB_8BITS,6,Serial RGB 8 bits. (L_GPIO[0..10]),L_GPIO0[]|L_GPIO1[]|L_GPIO2[]|L_GPIO3[]|L_GPIO4[]|L_GPIO5[]|L_GPIO6[]|L_GPIO7[]|L_GPIO8[]|L_GPIO9[]|L_GPIO10[]
PINMUX_LCD_SEL_SERIAL_YCbCr_8BITS,7,Serial YCbCr 8 bits. (L_GPIO[0..10]),L_GPIO0[]|L_GPIO1[]|L_GPIO2[]|L_GPIO3[]|L_GPIO4[]|L_GPIO5[]|L_GPIO6[]|L_GPIO7[]|L_GPIO8[]|L_GPIO9[]|L_GPIO10[]
PINMUX_LCD_SEL_PARALLE_RGB565,8,Parallel RGB565. (L_GPIO[0..10]/L_GPIO[12..19]),L_GPIO0[]|L_GPIO1[]|L_GPIO2[]|L_GPIO3[]|L_GPIO4[]|L_GPIO5[]|L_GPIO6[]|L_GPIO7[]|L_GPIO8[]|L_GPIO9[]|L_GPIO10[]|L_GPIO12[]|L_GPIO13[]|L_GPIO14[]|L_GPIO15[]|L_GPIO16[]|L_GPIO17[]|L_GPIO18[]|L_GPIO19[]
PINMUX_LCD_SEL_PARALLE_RGB666,9,Parallel RGB666. (L_GPIO[0..10]/L_GPIO[12..21]),L_GPIO0[]|L_GPIO1[]|L_GPIO2[]|L_GPIO3[]|L_GPIO4[]|L_GPIO5[]|L_GPIO6[]|L_GPIO7[]|L_GPIO8[]|L_GPIO9[]|L_GPIO10[]|L_GPIO12[]|L_GPIO13[]|L_GPIO14[]|L_GPIO15[]|L_GPIO16[]|L_GPIO17[]|L_GPIO18[]|L_GPIO19[]|L_GPIO20[]|L_GPIO21[]
PINMUX_LCD_SEL_PARALLE_RGB888,10,Parallel RGB888. (L_GPIO[0..10]/L_GPIO[12..21]/P_GPIO[13..16]/D_GPIO[0..1]),L_GPIO0[]|L_GPIO1[]|L_GPIO2[]|L_GPIO3[]|L_GPIO4[]|L_GPIO5[]|L_GPIO6[]|L_GPIO7[]|L_GPIO8[]|L_GPIO9[]|L_GPIO10[]|L_GPIO12[]|L_GPIO13[]|L_GPIO14[]|L_GPIO15[]|L_GPIO16[]|L_GPIO17[]|L_GPIO18[]|L_GPIO19[]|L_GPIO20[]|L_GPIO21[]|P_GPIO13[]|P_GPIO14[]|P_GPIO15[]|P_GPIO16[]|D_GPIO0[]|D_GPIO1[]
PINMUX_LCD_SEL_RGB_16BITS,11,RGB 16 bits. (L_GPIO[0..10]/L_GPIO[12..19]),L_GPIO0[]|L_GPIO1[]|L_GPIO2[]|L_GPIO3[]|L_GPIO4[]|L_GPIO5[]|L_GPIO6[]|L_GPIO7[]|L_GPIO8[]|L_GPIO9[]|L_GPIO10[]|L_GPIO12[]|L_GPIO13[]|L_GPIO14[]|L_GPIO15[]|L_GPIO16[]|L_GPIO17[]|L_GPIO18[]|L_GPIO19[]
PINMUX_LCD_SEL_MIPI,12,MIPI DSI (L_GPIO[22]),L_GPIO22[]
PINMUX_LCD_SEL_PARALLE_MI_8BITS,13,Parallel MI 8 bits. (L_GPIO[0..7]),L_GPIO0[]|L_GPIO1[]|L_GPIO2[]|L_GPIO3[]|L_GPIO4[]|L_GPIO5[]|L_GPIO6[]|L_GPIO7[]
PINMUX_LCD_SEL_PARALLE_MI_9BITS,14,Parallel MI 9 bits. (L_GPIO[0..7]/L_GPIO[12]),L_GPIO12[]|L_GPIO0[]|L_GPIO1[]|L_GPIO2[]|L_GPIO3[]|L_GPIO4[]|L_GPIO5[]|L_GPIO6[]|L_GPIO7[]
PINMUX_LCD_SEL_PARALLE_MI_16BITS,15,Parallel MI 16 bits. (L_GPIO[0..7]/L_GPIO[12..19]),L_GPIO0[]|L_GPIO1[]|L_GPIO2[]|L_GPIO3[]|L_GPIO4[]|L_GPIO5[]|L_GPIO6[]|L_GPIO7[]|L_GPIO12[]|L_GPIO13[]|L_GPIO14[]|L_GPIO15[]|L_GPIO16[]|L_GPIO17[]|L_GPIO18[]|L_GPIO19[]
PINMUX_LCD_SEL_PARALLE_MI_18BITS,16,Parallel MI 18 bits. (L_GPIO[0..7]/L_GPIO[12..21]),L_GPIO0[]|L_GPIO1[]|L_GPIO2[]|L_GPIO3[]|L_GPIO4[]|L_GPIO5[]|L_GPIO6[]|L_GPIO7[]|L_GPIO12[]|L_GPIO13[]|L_GPIO14[]|L_GPIO15[]|L_GPIO16[]|L_GPIO17[]|L_GPIO18[]|L_GPIO19[]|L_GPIO20[]|L_GPIO21[]
PINMUX_LCD_SEL_SERIAL_MI_SDIO,17,Serial MI SDIO bi-direction.,
PINMUX_LCD_SEL_SERIAL_MI_SDI_SDO,18,Serial MI SDI/SDO seperate.,
PINMUX_LCD_SEL_TE_ENABLE,8388608,,
PINMUX_LCD_SEL_DE_ENABLE,16777216,,
PINMUX_LCD_SEL_HVLD_VVLD,33554432,,
PINMUX_LCD_SEL_FIELD,67108864,,
PINMUX_LCD_SEL_NO_HVSYNC,134217728,,
PINMUX_LCD_SEL_FEATURE_MSK,528482304,,
